{
  "train_loss": [
    0.250994943484514,
    0.2399396511904166,
    0.23684242206871892,
    0.2344391632003732,
    0.2325009182572692,
    0.23112654186996537,
    0.2298225804631686,
    0.22839864447699265,
    0.22710223032429147,
    0.22572080740553463,
    0.22484770316327263,
    0.22347120329914896,
    0.22213617693854382,
    0.22093945832996334,
    0.21933820708727247,
    0.21755660220994277,
    0.21679423932132652,
    0.21514561332673626,
    0.21450111252909282,
    0.21375126010599424
  ],
  "val_loss": [
    0.2443815393447876,
    0.24232265736262004,
    0.23334307740529378,
    0.23405709397792815,
    0.2300794214407603,
    0.23225976495742798,
    0.2305612086613973,
    0.22453354980150858,
    0.22512243623733522,
    0.22767957240740458,
    0.22306348117192587,
    0.22669308751424153,
    0.22245696770350137,
    0.2307803109804789,
    0.22075787494977314,
    0.2314159620920817,
    0.22486239773432415,
    0.2240892703851064,
    0.22549351477622986,
    0.22230800453821817
  ],
  "val_acc": [
    0.6313333333333333,
    0.5403333333333333,
    0.6979333333333333,
    0.5962666666666666,
    0.6412,
    0.5445333333333333,
    0.7438,
    0.6863333333333334,
    0.6735333333333333,
    0.5970666666666666,
    0.6867333333333333,
    0.6466666666666666,
    0.7086,
    0.5735333333333333,
    0.6689333333333334,
    0.71,
    0.6404666666666666,
    0.6302,
    0.6320666666666667,
    0.6413333333333333
  ],
  "lr": [
    0.0001,
    0.0001,
    0.0001,
    0.0001,
    0.0001,
    0.0001,
    0.0001,
    0.0001,
    0.0001,
    0.0001,
    0.0001,
    0.0001,
    0.0001,
    0.0001,
    0.0001,
    0.0001,
    0.0001,
    0.0001,
    0.0001,
    0.0001
  ]
}